{"cameraMode":{"drawMode":0,"name":"Shaded","section":"Shading Mode"},"sceneLighting":true,"audioPlay":false,"sceneViewState":{"showFog":true,"showMaterialUpdate":false,"showSkybox":true,"showFlares":true,"showImageEffects":true,"showParticleSystems":true},"in2DMode":false,"pivot":{"x":-0.007735922932624817,"y":-0.03165329992771149,"z":0.04500432312488556},"rotation":{"x":0.606562077999115,"y":-0.11107225716114044,"z":0.08609658479690552,"w":0.7825192213058472},"size":0.2428928017616272,"orthographic":false}