{"cameraMode":{"drawMode":0,"name":"Shaded","section":"Shading Mode"},"sceneLighting":true,"audioPlay":false,"sceneViewState":{"showFog":true,"showMaterialUpdate":false,"showSkybox":true,"showFlares":true,"showImageEffects":true,"showParticleSystems":true},"in2DMode":false,"pivot":{"x":-0.05798221379518509,"y":0.0499923974275589,"z":-0.0032533183693885805},"rotation":{"x":0.1895831972360611,"y":0.5122116804122925,"z":-0.11706330627202988,"w":0.8294642567634583},"size":0.12328529357910156,"orthographic":false}