{"cameraMode":{"drawMode":0,"name":"Shaded","section":"Shading Mode"},"sceneLighting":true,"audioPlay":false,"sceneViewState":{"showFog":true,"showMaterialUpdate":false,"showSkybox":true,"showFlares":true,"showImageEffects":true,"showParticleSystems":true},"in2DMode":false,"pivot":{"x":-0.057619959115982059,"y":0.686915934085846,"z":-0.14937521517276765},"rotation":{"x":-0.2597258388996124,"y":0.6443394422531128,"z":-0.6752392053604126,"w":-0.24784235656261445},"size":0.007395029067993164,"orthographic":false}